"Name","Description","Category","Sub-Category","Price (INR)","Compare-At Price (INR)","Sizes","Available Sizes","Tags","Image URLs"
"LEVEL7 Field Unisex Oversized T-Shirt","Bottle green represents stability, balance, and grounding. A muted shade drawn from nature, chosen for its calm presence and versatility. The oversized, drop-shoulder silhouette keeps the design relaxed while maintaining a clean, considered form. Simple by design. Intentional in use.","T-Shirts","Oversized T-Shirts","977.00","1577.00","S, M, L, XL","S, M, L, XL","unisex, oversized, t-shirts","https://cdn.shopify.com/s/files/1/0649/1176/9783/files/BottleGreenFront2.png?v=1767171154 | https://cdn.shopify.com/s/files/1/0649/1176/9783/files/BottleGreenBack.png?v=1767171154 | https://cdn.shopify.com/s/files/1/0649/1176/9783/files/BottleGreenBack2.png?v=1767171154 | https://cdn.shopify.com/s/files/1/0649/1176/9783/files/BottleGreenFront3.png?v=1767171154 | https://cdn.shopify.com/s/files/1/0649/1176/9783/files/BottleGreenTexture.png?v=1767171154 | https://cdn.shopify.com/s/files/1/0649/1176/9783/files/BottleGreenFront.png?v=1767171154"
"LEVEL7 Reserve Unisex Oversized T-Shirt","Wine reflects depth, restraint, and maturity. A composed tone designed to feel deliberate rather than loud. The oversized, drop-shoulder fit gives the piece structure and ease, making it suitable for everyday wear without visual noise. Built for comfort. Defined by proportion.","T-Shirts","Oversized T-Shirts","977.00","1577.00","S, M, L, XL","S, M, L, XL","unisex, oversized, t-shirts","https://cdn.shopify.com/s/files/1/0649/1176/9783/files/Level7_Wine_Basic_Front_2.png?v=1768539480 | https://cdn.shopify.com/s/files/1/0649/1176/9783/files/Level7_Wine_Basic_Front.png?v=1768539417 | https://cdn.shopify.com/s/files/1/0649/1176/9783/files/Level7_Wine_Basic_Back_2.png?v=1768539378 | https://cdn.shopify.com/s/files/1/0649/1176/9783/files/Level7_Wine_Basic_Back.png?v=1768539354 | https://cdn.shopify.com/s/files/1/0649/1176/9783/files/Level7_Wine_Basic_Texture.png?v=1768539462 | https://cdn.shopify.com/s/files/1/0649/1176/9783/files/Level7_Wine_Basic_Full.png?v=1768539435"
"LEVEL7 Axis Unisex Drop-Shoulder Hoodie","Steel grey represents balance, precision, and restraint. A neutral tone designed to hold everything together—calm, stable, and uninterrupted. The color reflects focus without severity, making it adaptable across moments and settings. Constructed in an oversized, drop-shoulder silhouette that prioritizes structure, comfort, and proportion. Built to last. Designed to stay relevant.","Hoodies","Drop-Shoulder Hoodies","1777.00","3077.00","S, M, L, XL","","unisex, oversized, drop-shoulder, hoodies","https://cdn.shopify.com/s/files/1/0649/1176/9783/files/Level7_Axis_Front.png?v=1768540897 | https://cdn.shopify.com/s/files/1/0649/1176/9783/files/Level7_Axis_Front2.png?v=1768540897 | https://cdn.shopify.com/s/files/1/0649/1176/9783/files/Level7_Axis_FrontStand.png?v=1768540897 | https://cdn.shopify.com/s/files/1/0649/1176/9783/files/Level7_Axis.png?v=1768540897 | https://cdn.shopify.com/s/files/1/0649/1176/9783/files/Level7_Axis_Side2.png?v=1768540876"
"LEVEL7 Planetary Reset Unisex Drop-Shoulder Hoodie","A visual exploration of reset and renewal. The planetary graphic represents cycles breaking and reforming—movement after stillness, clarity after chaos. Set against a warm tan base, the design balances cosmic scale with grounded tone, making the statement intentional rather than loud. Built on an oversized, drop-shoulder silhouette for relaxed structure and everyday wear.","Hoodies","Drop-Shoulder Hoodies","1977.00","3577.00","S, M, L, XL","S, M, L, XL","unisex, oversized, drop-shoulder, hoodies","https://cdn.shopify.com/s/files/1/0649/1176/9783/files/Level7_Planet_Front.png?v=1768540929 | https://cdn.shopify.com/s/files/1/0649/1176/9783/files/Level7_PlanetBack.png?v=1768540942 | https://cdn.shopify.com/s/files/1/0649/1176/9783/files/Level7_Planet_FrontStand.png?v=1768540942 | https://cdn.shopify.com/s/files/1/0649/1176/9783/files/Level7_Planet_Seat.png?v=1768540942"
"LEVEL7 Grounded Unisex Drop-Shoulder Hoodie","Coffee reflects steadiness, warmth, and control. A neutral tone designed to anchor the look and slow the pace. Built for everyday wear where consistency matters more than attention.","Hoodies","Drop-Shoulder Hoodies","1777.00","3077.00","S, M, L, XL","S, M, L, XL","unisex, oversized, drop-shoulder, hoodies","https://cdn.shopify.com/s/files/1/0649/1176/9783/files/Level7_Coffee_Grounded_Front.png?v=1768540989 | https://cdn.shopify.com/s/files/1/0649/1176/9783/files/Level7_Coffee_Grounded.png?v=1768540989 | https://cdn.shopify.com/s/files/1/0649/1176/9783/files/Level7_Coffee_Grounded_Back.png?v=1768540989 | https://cdn.shopify.com/s/files/1/0649/1176/9783/files/Level7_Coffee_Grounded_Side.png?v=1768540977 | https://cdn.shopify.com/s/files/1/0649/1176/9783/files/Level7_Coffee_Grounded_Side2.png?v=1768540978"
"LEVEL7 Core Unisex Oversized Hoodie","Black represents focus, discipline, and absolute clarity. Removed of distraction. Reduced to essentials. Designed to disappear—so your intent doesn’t.","Hoodies","Oversized Hoodies","1777.00","3077.00","S, M, L, XL","S, M, L, XL","unisex, oversized, hoodies","https://cdn.shopify.com/s/files/1/0649/1176/9783/files/Level7_Core_Front2.png?v=1768541506 | https://cdn.shopify.com/s/files/1/0649/1176/9783/files/Level7_Core.png?v=1768541506 | https://cdn.shopify.com/s/files/1/0649/1176/9783/files/Level7_Core_Back.png?v=1768541506 | https://cdn.shopify.com/s/files/1/0649/1176/9783/files/Level7_Core_Front.png?v=1768541506 | https://cdn.shopify.com/s/files/1/0649/1176/9783/files/Level7_Core_Side.png?v=1768541493 | https://cdn.shopify.com/s/files/1/0649/1176/9783/files/Level7_Core_Stand.png?v=1768541493 | https://cdn.shopify.com/s/files/1/0649/1176/9783/files/Level7_Core_Style.png?v=1768541493 | https://cdn.shopify.com/s/files/1/0649/1176/9783/files/Level7_Core_Walk.png?v=1768541493"
"LEVEL7 Reserve Unisex Oversized Hoodie","Wine reflects depth, maturity, and emotional control. A color associated with patience, restraint, and inner certainty. Designed for those who move with intention, not urgency.","Hoodies","Oversized Hoodies","1777.00","3077.00","S, M, L, XL","S, M, L, XL","unisex, oversized, hoodies","https://cdn.shopify.com/s/files/1/0649/1176/9783/files/Level7_Reserve.png?v=1768541293 | https://cdn.shopify.com/s/files/1/0649/1176/9783/files/Level7_Reserve_Back.png?v=1768541293 | https://cdn.shopify.com/s/files/1/0649/1176/9783/files/Level7_Reserve_Front.png?v=1768541293 | https://cdn.shopify.com/s/files/1/0649/1176/9783/files/Level7_Reserve_Front2.png?v=1768541293 | https://cdn.shopify.com/s/files/1/0649/1176/9783/files/Level7_Reserve_Side.png?v=1768541293 | https://cdn.shopify.com/s/files/1/0649/1176/9783/files/Level7_Reserve_Side2.png?v=1768541293"
"LEVEL7 Foundation Unisex Drop-Shoulder Hoodie","Royal blue stands for composure, depth, and quiet authority. Designed for clarity of mind and control of pace. No graphics. No excess. Just presence.","Hoodies","Drop-Shoulder Hoodies","1777.00","3077.00","S, M, L, XL","S, M, L, XL","unisex, oversized, drop-shoulder, hoodies","https://cdn.shopify.com/s/files/1/0649/1176/9783/files/Level7_Foundation_Front.png?v=1768541346 | https://cdn.shopify.com/s/files/1/0649/1176/9783/files/Level7_Foundation.png?v=1768541346 | https://cdn.shopify.com/s/files/1/0649/1176/9783/files/Level7_Foundation_Back.png?v=1768541346 | https://cdn.shopify.com/s/files/1/0649/1176/9783/files/Level7_Foundation_Side.png?v=1768541335 | https://cdn.shopify.com/s/files/1/0649/1176/9783/files/Level7_Foundation_Side2.png?v=1768541335"
"You are Loved Unisex Minimalistic Oversized T-shirt","Spread love with our 'You Are Loved' T-shirt. This inspiring design features the phrase ""You Are Loved"" surrounded by other elements, symbolizing the importance of love and its ability to connect people. Share love with the world and make a difference.","T-Shirts","Minimalistic Oversized T-Shirts","1177.00","1977.00","S, M, L, XL, 2XL","S, M, L, XL","unisex, oversized, minimalistic, t-shirts","https://cdn.shopify.com/s/files/1/0649/1176/9783/files/05.10.2024-171.jpg?v=1728671219 | https://cdn.shopify.com/s/files/1/0649/1176/9783/files/05.10.2024-163.jpg?v=1728671220 | https://cdn.shopify.com/s/files/1/0649/1176/9783/files/05.10.2024-160.jpg?v=1728671220 | https://cdn.shopify.com/s/files/1/0649/1176/9783/files/05.10.2024-167.jpg?v=1728671220"
"Perception Unisex Minimalistic Oversized T-shirt","Change your perspective with our 'Perception' T-shirt. This inspiring graphic showcases the word ""Perception"" in a dynamic layout, encouraging you to challenge your assumptions and see things from a new angle. Expand your worldview.","T-Shirts","Minimalistic Oversized T-Shirts","1177.00","1577.00","S, M, L, XL, 2XL","S, M, L, XL","unisex, oversized, minimalistic, t-shirts","https://cdn.shopify.com/s/files/1/0649/1176/9783/files/05.10.2024-134.jpg?v=1728670696 | https://cdn.shopify.com/s/files/1/0649/1176/9783/files/05.10.2024-131.jpg?v=1728670696 | https://cdn.shopify.com/s/files/1/0649/1176/9783/files/05.10.2024-129.jpg?v=1728670696 | https://cdn.shopify.com/s/files/1/0649/1176/9783/files/05.10.2024-132.jpg?v=1728670696 | https://cdn.shopify.com/s/files/1/0649/1176/9783/files/05.10.2024-133.jpg?v=1728670696"
"The Original Black Magic: Coffee Unisex Minimalistic Oversized T-shirt","Fuel your day with our 'Coffee: The Original Black Magic' T-shirt. This playful design features the phrase ""Black Magic"" in bold, highlighting the energizing power of coffee. Start your day off right with a cup of your favorite brew.","T-Shirts","Minimalistic Oversized T-Shirts","1177.00","2777.00","S, M, L, XL, 2XL","S, M, L, XL","unisex, oversized, minimalistic, t-shirts","https://cdn.shopify.com/s/files/1/0649/1176/9783/files/05.10.2024-099.jpg?v=1728670274 | https://cdn.shopify.com/s/files/1/0649/1176/9783/files/05.10.2024-108.jpg?v=1728670274 | https://cdn.shopify.com/s/files/1/0649/1176/9783/files/05.10.2024-102.jpg?v=1728670274 | https://cdn.shopify.com/s/files/1/0649/1176/9783/files/05.10.2024-103.jpg?v=1728670274 | https://cdn.shopify.com/s/files/1/0649/1176/9783/files/05.10.2024-105.jpg?v=1728670274"
"Optimism Unisex Minimalistic Oversized T-shirt","Find your inner strength with our 'Optimism' T-shirt. This uplifting design features the word ""optimism"" in a bold font, encouraging you to maintain a positive outlook and see the bright side of life. Stay hopeful and persevere through challenges.","T-Shirts","Minimalistic Oversized T-Shirts","1177.00","1977.00","S, M, L, XL, 2XL","S, M, L, XL","unisex, oversized, minimalistic, t-shirts","https://cdn.shopify.com/s/files/1/0649/1176/9783/files/05.10.2024-093.jpg?v=1728669883 | https://cdn.shopify.com/s/files/1/0649/1176/9783/files/05.10.2024-087.jpg?v=1728669883 | https://cdn.shopify.com/s/files/1/0649/1176/9783/files/05.10.2024-084.jpg?v=1728669884 | https://cdn.shopify.com/s/files/1/0649/1176/9783/files/05.10.2024-090.jpg?v=1728669883 | https://cdn.shopify.com/s/files/1/0649/1176/9783/files/05.10.2024-091.jpg?v=1728669884"
"Rizz Unisex Minimalistic Oversized T-shirt","Unleash your potential with our 'Rizz' T-shirt. This motivational graphic showcases the message that vision is key to success. Believe in yourself, find your vision and make it a reality.","T-Shirts","Minimalistic Oversized T-Shirts","1177.00","1877.00","S, M, L, XL, 2XL","S, M, L, XL","unisex, oversized, minimalistic, t-shirts","https://cdn.shopify.com/s/files/1/0649/1176/9783/files/05.10.2024-094.jpg?v=1728668335 | https://cdn.shopify.com/s/files/1/0649/1176/9783/files/05.10.2024-083.jpg?v=1728668335 | https://cdn.shopify.com/s/files/1/0649/1176/9783/files/05.10.2024-074.jpg?v=1728668335 | https://cdn.shopify.com/s/files/1/0649/1176/9783/files/05.10.2024-078.jpg?v=1728668335 | https://cdn.shopify.com/s/files/1/0649/1176/9783/files/05.10.2024-077.jpg?v=1728668335 | https://cdn.shopify.com/s/files/1/0649/1176/9783/files/05.10.2024-081.jpg?v=1728668335"
"Stay Resilient Unisex Minimalistic Oversized T-shirt","Embrace resilience with our 'Stay Resilient' T-shirt. This empowering design features the word ""resilient"" in bold, inspiring you to overcome challenges and bounce back stronger. Build your resilience and face adversity with courage.","T-Shirts","Minimalistic Oversized T-Shirts","1177.00","2777.00","S, M, L, XL, 2XL","","unisex, oversized, minimalistic, t-shirts","https://cdn.shopify.com/s/files/1/0649/1176/9783/files/05.10.2024-029.jpg?v=1728667662 | https://cdn.shopify.com/s/files/1/0649/1176/9783/files/05.10.2024-045.jpg?v=1728667662 | https://cdn.shopify.com/s/files/1/0649/1176/9783/files/05.10.2024-031.jpg?v=1728667662 | https://cdn.shopify.com/s/files/1/0649/1176/9783/files/05.10.2024-033.jpg?v=1728667662 | https://cdn.shopify.com/s/files/1/0649/1176/9783/files/05.10.2024-042.jpg?v=1728667662 | https://cdn.shopify.com/s/files/1/0649/1176/9783/files/05.10.2024-063.jpg?v=1728667662"
"Make it 7 Unisex Premium Oversized T-shirt","Embrace the challenge and make it 7 with our 'Just Make It 7' T-shirt. This motivational design features a basketball surrounded by energy, symbolizing the determination and perseverance needed to succeed. Step up to the challenge and prove yourself.","T-Shirts","Premium Oversized T-Shirts","1477.00","2477.00","S, M, L, XL, 2XL","S, M, L, XL","unisex, oversized, premium, t-shirts","https://cdn.shopify.com/s/files/1/0649/1176/9783/files/05.10.2024-097.jpg?v=1728666558 | https://cdn.shopify.com/s/files/1/0649/1176/9783/files/05.10.2024-071.jpg?v=1728666558 | https://cdn.shopify.com/s/files/1/0649/1176/9783/files/05.10.2024-064.jpg?v=1728666559 | https://cdn.shopify.com/s/files/1/0649/1176/9783/files/05.10.2024-066.jpg?v=1728666558 | https://cdn.shopify.com/s/files/1/0649/1176/9783/files/05.10.2024-069.jpg?v=1728666558"
"Checkmate Knight Unisex  Premium Oversized T-shirt","Dominate the board with our 'Checkmate Knight' T-shirt. This captivating graphic showcases a knight leading a charge across the chessboard, symbolizing victory, strategy, and tactical brilliance. Achieve checkmate and reign supreme.","T-Shirts","Premium Oversized T-Shirts","1477.00","2997.00","S, M, L, XL, 2XL","S, M, L, XL","unisex, oversized, premium, t-shirts","https://cdn.shopify.com/s/files/1/0649/1176/9783/files/05.10.2024-175.jpg?v=1728666035 | https://cdn.shopify.com/s/files/1/0649/1176/9783/files/05.10.2024-182.jpg?v=1728666035 | https://cdn.shopify.com/s/files/1/0649/1176/9783/files/05.10.2024-174.jpg?v=1728666035 | https://cdn.shopify.com/s/files/1/0649/1176/9783/files/05.10.2024-177.jpg?v=1728666036 | https://cdn.shopify.com/s/files/1/0649/1176/9783/files/05.10.2024-180.jpg?v=1728666035"
"Chase Dream Unisex Premium Oversized T-shirt","Soar to new heights with our 'Chase Dreams' T-shirt. This inspiring design features a butterfly taking flight, symbolizing transformation, freedom, and the pursuit of dreams. Believe in yourself and let your imagination take you anywhere.","T-Shirts","Premium Oversized T-Shirts","1477.00","2277.00","S, M, L, XL, 2XL","S, M, L, XL","unisex, oversized, premium, t-shirts","https://cdn.shopify.com/s/files/1/0649/1176/9783/files/05.10.2024-191.jpg?v=1728665697 | https://cdn.shopify.com/s/files/1/0649/1176/9783/files/05.10.2024-188.jpg?v=1728665697 | https://cdn.shopify.com/s/files/1/0649/1176/9783/files/05.10.2024-185.jpg?v=1728665697 | https://cdn.shopify.com/s/files/1/0649/1176/9783/files/05.10.2024-189.jpg?v=1728665697 | https://cdn.shopify.com/s/files/1/0649/1176/9783/files/05.10.2024-190.jpg?v=1728665697"
"Off the Wall Unisex Premium Oversized T-shirt","Challenge the status quo with our 'Off the Wall' T-shirt. This bold graphic showcases a bulldog defying expectations, perfect for those who dare to be different. Embrace your individuality and skate outside the box.","T-Shirts","Premium Oversized T-Shirts","1477.00","2177.00","S, M, L, XL, 2XL","S, M, L, XL","unisex, oversized, premium, t-shirts","https://cdn.shopify.com/s/files/1/0649/1176/9783/files/05.10.2024-138.jpg?v=1728665254 | https://cdn.shopify.com/s/files/1/0649/1176/9783/files/05.10.2024-148.jpg?v=1728665254 | https://cdn.shopify.com/s/files/1/0649/1176/9783/files/05.10.2024-142.jpg?v=1728665254 | https://cdn.shopify.com/s/files/1/0649/1176/9783/files/05.10.2024-143.jpg?v=1728665254 | https://cdn.shopify.com/s/files/1/0649/1176/9783/files/05.10.2024-141.jpg?v=1730332582"
"Samurai Unisex Premium Oversized","Master the art of stealth with our 'Samurai' T-shirt. This graphic features a legendary samurai, ready for battle, symbolizing courage, strength, and unwavering dedication. Channel the power of the samurai and become a force to be reckoned with.","T-Shirts","Premium Oversized T-Shirts","1477.00","2377.00","S, M, L, XL, 2XL","S, M, L, XL","unisex, oversized, premium, t-shirts","https://cdn.shopify.com/s/files/1/0649/1176/9783/files/05.10.2024-124.jpg?v=1730333247 | https://cdn.shopify.com/s/files/1/0649/1176/9783/files/05.10.2024-128.jpg?v=1728664972 | https://cdn.shopify.com/s/files/1/0649/1176/9783/files/05.10.2024-122.jpg?v=1728664972 | https://cdn.shopify.com/s/files/1/0649/1176/9783/files/05.10.2024-123.jpg?v=1728664972 | https://cdn.shopify.com/s/files/1/0649/1176/9783/files/05.10.2024-126.jpg?v=1728664972"
"Knight Warrior Unisex Premium Oversized T-shirts","Become a part of the warrior's creed with our 'Knight Warriors' T-shirt. This inspiring design features a knight standing tall, embodying the qualities of courage, strength, and perseverance. It's a must-have for anyone who seeks to live a life of honor and integrity.","T-Shirts","Premium Oversized T-Shirts","1477.00","2397.00","S, M, L, XL, 2XL","S, M, L, XL","unisex, oversized, premium, t-shirts","https://cdn.shopify.com/s/files/1/0649/1176/9783/files/05.10.2024-056.jpg?v=1728664233 | https://cdn.shopify.com/s/files/1/0649/1176/9783/files/05.10.2024-049.jpg?v=1728664233 | https://cdn.shopify.com/s/files/1/0649/1176/9783/files/05.10.2024-047.jpg?v=1728664233 | https://cdn.shopify.com/s/files/1/0649/1176/9783/files/05.10.2024-052.jpg?v=1728664234 | https://cdn.shopify.com/s/files/1/0649/1176/9783/files/05.10.2024-055.jpg?v=1728664233"
"Explore Unisex  Premium Oversized T-shirt","Experience the freedom of the open road with our 'Wander on Wheels' T-shirt. This bold graphic showcases a rider on a sleek electric scooter, ready to explore the city at your own pace. It's a perfect way to express your love for adventure and urban living","T-Shirts","Premium Oversized T-Shirts","1477.00","2777.00","S, M, L, XL, 2XL","S, M, L, XL","unisex, oversized, premium, t-shirts","https://cdn.shopify.com/s/files/1/0649/1176/9783/files/05.10.2024-114.jpg?v=1728663598 | https://cdn.shopify.com/s/files/1/0649/1176/9783/files/05.10.2024-119.jpg?v=1728663598 | https://cdn.shopify.com/s/files/1/0649/1176/9783/files/05.10.2024-110.jpg?v=1728663598 | https://cdn.shopify.com/s/files/1/0649/1176/9783/files/05.10.2024-117.jpg?v=1728663599 | https://cdn.shopify.com/s/files/1/0649/1176/9783/files/05.10.2024-113.jpg?v=1728663598"
"Voyager Space Unisex Premium Oversized T-shirt","Unleash your inner explorer with our 'Voyager Space' Premium Oversized T-shirt. Featuring a bold spaceship and brave astronaut, this futuristic design will transport you to the stars. Made with premium materials, it's the perfect addition to any stylish wardrobe. Are you ready to take on the universe","T-Shirts","Premium Oversized T-Shirts","1477.00","3377.00","S, M, L, XL, 2XL","","unisex, oversized, premium, t-shirts","https://cdn.shopify.com/s/files/1/0649/1176/9783/files/05.10.2024-011.jpg?v=1728523045 | https://cdn.shopify.com/s/files/1/0649/1176/9783/files/05.10.2024-021.jpg?v=1728523045 | https://cdn.shopify.com/s/files/1/0649/1176/9783/files/05.10.2024-012.jpg?v=1728523045 | https://cdn.shopify.com/s/files/1/0649/1176/9783/files/05.10.2024-018.jpg?v=1728523045 | https://cdn.shopify.com/s/files/1/0649/1176/9783/files/05.10.2024-017.jpg?v=1728523045 | https://cdn.shopify.com/s/files/1/0649/1176/9783/files/05.10.2024-027.jpg?v=1728523045"